<!--
This file is part of the pestudio solution (www.winitor.com).
Usage of this file outside of the context of pestudio (e.g. in third-party application, tools chain, etc...) must be explicitely authorized.

Please note that this file can be modified when running pestudio.
-->
<xml version="1.0" encoding="utf-8" detail="">
  <indicators>
    <indicator enable="1" level="3" id="1000" type="00" detail="%i bytes">file > size</indicator>
    <indicator enable="1" level="3" id="1001" type="08" detail="%s, %s, %s">file > type</indicator>
    <indicator enable="1" level="1" id="1004" type="08" detail="%i bytes">optional-header > size</indicator>
    <indicator enable="1" level="1" id="1005" type="08" detail="%i bytes">file-header > size</indicator>
    <indicator enable="0" level="3" id="1006" type="09" detail="%i bytes">sections > alignment</indicator>
    <indicator enable="1" level="3" id="1007" type="00" detail="%.03f">file > entropy</indicator>
    <indicator enable="1" level="3" id="1008" type="01" detail="%s">file > footprint</indicator>
    <indicator enable="0" level="3" id="1010" type="09" detail="%i bytes">file > alignment</indicator>
    <indicator enable="1" level="3" id="1011" type="17" detail="%i bytes">certificate > size</indicator>
    <indicator enable="1" level="1" id="1012" type="17" detail="%s">compiler stamp > certificate stamp</indicator>
    <indicator enable="1" level="3" id="1013" type="08" detail="%s">rich-header > footprint</indicator>
    <indicator enable="0" level="3" id="1014" type="09" detail="0x%08X">file > image-base</indicator>
    <indicator enable="1" level="2" id="1015" type="26" detail="offset: 0x%08X, size: %i bytes, entropy: %.03f">overlay > empty</indicator>
    <indicator enable="1" level="3" id="1016" type="26" detail="%s">overlay</indicator>
    <indicator enable="1" level="1" id="1017" type="26" detail="signature: %s, offset: 0x%08X, size: %i bytes">overlay > file</indicator>
    <indicator enable="1" level="3" id="1019" type="08" detail="0x%08X">rich-header > checksum</indicator>
    <indicator enable="1" level="3" id="1021" type="08" detail="0x%08X">rich-header > offset</indicator>
    <indicator enable="0" level="2" id="1023" type="13" detail="%s">libraries > duplicate</indicator>
    <indicator enable="1" level="3" id="1024" type="12" detail="%s">entry-point > hex</indicator>
    <indicator enable="1" level="1" id="1025" type="13" detail="%s">injection > technique</indicator>
    <indicator enable="1" level="3" id="1026" type="13" detail="%s">libraries > bound</indicator>
    <indicator enable="1" level="3" id="1027" type="09" detail="%s">file > code-less</indicator>
    <indicator enable="1" level="1" id="1028" type="20" detail="signature: %s, offset: 0x%08X, size: %i bytes">resource > file</indicator>
    <indicator enable="1" level="1" id="1029" type="20" detail="signature: %s, offset: 0x%08X, size: %i bytes">section > file</indicator>
    <indicator enable="1" level="3" id="1033" type="19" detail="%i">thread-local-storage > callbacks</indicator>
    <indicator enable="1" level="1" id="1034" type="12" detail="0x%08X">entry-point > invalid</indicator>
    <indicator enable="1" level="1" id="1035" type="12" detail="%s">entry-point > section</indicator>
    <indicator enable="0" level="2" id="1036" type="10" detail="0x%08X">file > checksum</indicator>
    <indicator enable="1" level="1" id="1037" type="17" detail="%i bytes">certificate > tail</indicator>
    <indicator enable="1" level="3" id="1038" type="17" detail="%s">certificate > serial-number</indicator>
    <indicator enable="1" level="3" id="1039" type="17" detail="0x%08X">certificate > offset</indicator>
    <indicator enable="0" level="3" id="1040" type="17" detail="%s">certificate > type</indicator>
    <indicator enable="0" level="3" id="1041" type="17" detail="%.02f%%">certificate > file-ratio</indicator>
    <indicator enable="1" level="1" id="1042" type="17" detail="%s">certificate > stamp > valid-from</indicator>
    <indicator enable="1" level="3" id="1043" type="17" detail="%i bytes">certificate > PKCS7 > size</indicator>
    <indicator enable="1" level="3" id="1044" type="17" detail="%i bytes">certificate > PKCS7 > size > NULL-padding</indicator>
    <indicator enable="1" level="2" id="1045" type="15" detail="%s">entry-point > export</indicator>
    <indicator enable="1" level="1" id="1046" type="17" detail="%s">certificate > signature-info</indicator>
    <indicator enable="1" level="3" id="1047" type="17" detail="%s">certificate</indicator>
    <indicator enable="0" level="2" id="1048" type="17" detail="%s">certificate > issued-to > error</indicator>
    <indicator enable="1" level="3" id="1049" type="17" detail="%s">certificate > stamp > signing</indicator>
    <indicator enable="1" level="3" id="1050" type="17" detail="%s">certificate > stamp > valid-to</indicator>
    <indicator enable="1" level="2" id="1051" type="09" detail="%s">file > network</indicator>
    <indicator enable="1" level="2" id="1052" type="09" detail="%s">file > removable</indicator>
    <indicator enable="1" level="1" id="1053" type="17" detail="%s (expired)">certificate > stamp</indicator>
    <indicator enable="1" level="3" id="1100" type="10" detail="%s">security > protection</indicator>
    <indicator enable="0" level="3" id="1105" type="10" detail="%s">Structured Exception Handling (SEH)</indicator>
    <indicator enable="0" level="3" id="1112" type="10" detail="%s">Safe Structured Exception Handling (SafeSEH)</indicator>
    <indicator enable="0" level="3" id="1113" type="10" detail="%i">Exception handler > count</indicator>
    <indicator enable="1" level="1" id="1115" type="06" detail="0x%08X">dos-header > offset > unusual</indicator>
    <indicator enable="1" level="3" id="1119" type="05" detail="%s">virustotal > status</indicator>
    <indicator enable="1" level="1" id="1120" type="05" detail="%i/%i">virustotal > score</indicator>
    <indicator enable="1" level="3" id="1121" type="05" detail="%s">virustotal > score</indicator>
    <indicator enable="1" level="3" id="1122" type="05" detail="%s">virustotal > url</indicator>
    <indicator enable="1" level="3" id="1123" type="05" detail="%s">virustotal > scan-date</indicator>
    <indicator enable="1" level="2" id="1124" type="04" detail="%s">mitre > technique</indicator>
    <indicator enable="1" level="2" id="1125" type="04" detail="%s">mitre > tactic</indicator>
    <indicator enable="1" level="3" id="1150" type="06" detail="0x%08X">file-header > offset</indicator>
    <indicator enable="1" level="3" id="1151" type="23" detail="count: %i">debug > streams</indicator>
    <indicator enable="1" level="3" id="1152" type="23" detail="%s">debug > file-name</indicator>
    <indicator enable="1" level="2" id="1153" type="12" detail="name: %s">sections > virtualized</indicator>
    <indicator enable="1" level="2" id="1154" type="23" detail="%s">debug > GUID</indicator>
    <indicator enable="1" level="2" id="1155" type="23" detail="%s">debug > stamp</indicator>
    <indicator enable="1" level="1" id="1156" type="23" detail="%s">debug > stream[%i] > status</indicator>
    <indicator enable="1" level="2" id="1157" type="23" detail="%i">debug > age</indicator>
    <indicator enable="1" level="3" id="1158" type="23" detail="type: %s">debug > format</indicator>
    <indicator enable="1" level="1" id="1159" type="23" detail="file-ratio: %.02f%%">debug > stream</indicator>
    <indicator enable="1" level="2" id="1160" type="23" detail="size: %i bytes">debug > stream</indicator>
    <indicator enable="1" level="3" id="1161" type="23" detail="%s">debug</indicator>
    <indicator enable="1" level="2" id="1203" type="10" detail="%i bytes">optional-header > size-of-code</indicator>
    <indicator enable="0" level="2" id="1204" type="09" detail="0x%08X">base-of-code > suspicious</indicator>
    <indicator enable="0" level="2" id="1206" type="09" detail="0x%08X">file-alignment > suspicious</indicator>
    <indicator enable="0" level="2" id="1207" type="09" detail="0x%08X">size-of-image > suspicious</indicator>
    <indicator enable="1" level="2" id="1209" type="09" detail="0x%08X">size-of-headers > suspicious</indicator>
    <indicator enable="1" level="3" id="1210" type="10" detail="%i">directories > count</indicator>
    <indicator enable="1" level="2" id="1211" type="10" detail="count: %i">optional-header > directories</indicator>
    <indicator enable="0" level="3" id="1215" type="11" detail="%.02f%%">sections > file-ratio</indicator>
    <indicator enable="1" level="3" id="1221" type="21" detail="count: %i, size: %i bytes, file-ratio: %.02f%%">resource > items</indicator>
    <indicator enable="1" level="1" id="1222" type="12" detail="name: %s">sections > executable</indicator>
    <indicator enable="1" level="2" id="1223" type="12" detail="name: %s">sections > writable</indicator>
    <indicator enable="1" level="3" id="1224" type="12" detail="0x%08X">entry-point > address</indicator>
    <indicator enable="0" level="2" id="1233" type="21" detail="%i">resource > languages > count</indicator>
    <indicator enable="0" level="3" id="1234" type="21" detail="%i">resource > instances > dotnet</indicator>
    <indicator enable="1" level="2" id="1236" type="21" detail="%s">resource > language</indicator>
    <indicator enable="1" level="2" id="1244" type="24" detail="%s.%s, %i bytes">resource > size</indicator>
    <indicator enable="1" level="2" id="1245" type="12" detail="name: %s">sections > flag</indicator>
    <indicator enable="1" level="3" id="1250" type="15" detail="%s">exports > names</indicator>
    <indicator enable="1" level="3" id="1251" type="15" detail="n/a">exports</indicator>
    <indicator enable="1" level="2" id="1252" type="15" detail="%i">exports > duplicates</indicator>
    <indicator enable="1" level="3" id="1253" type="15" detail="%i">exports > count</indicator>
    <indicator enable="1" level="2" id="1254" type="15" detail="count: %i">exports > forwarded</indicator>
    <indicator enable="0" level="1" id="1255" type="15" detail="count: %i">exports > flag</indicator>
    <indicator enable="1" level="2" id="1256" type="15" detail="count: %i">exports > ordinals</indicator>
    <indicator enable="1" level="2" id="1257" type="15" detail="count: %i">exports > gaps</indicator>
    <indicator enable="1" level="1" id="1258" type="15" detail="%s">exports > flag</indicator>
    <indicator enable="1" level="3" id="1259" type="00" detail="%s">exports > original file name</indicator>
    <indicator enable="1" level="2" id="1260" type="06" detail="%s">dos-stub > message</indicator>
    <indicator enable="1" level="1" id="1262" type="14" detail="%i">imports > count</indicator>
    <indicator enable="1" level="2" id="1263" type="14" detail="count: %i">imports > forwarded</indicator>
    <indicator enable="1" level="3" id="1264" type="14" detail="count: %i">imports > ordinal</indicator>
    <indicator enable="1" level="3" id="1265" type="14" detail="%s">imports > count</indicator>
    <indicator enable="1" level="1" id="1266" type="14" detail="%s">imports > flag</indicator>
    <indicator enable="1" level="2" id="1267" type="24" detail="size: %i bytes">string > suspicious</indicator>
    <indicator enable="1" level="2" id="1268" type="14" detail="count: %i">imports > spoofing</indicator>
    <indicator enable="1" level="1" id="1269" type="13" detail="%s (%s)">libraries > flag</indicator>
    <indicator enable="1" level="1" id="1270" type="13" detail="%s">libraries > spoofing</indicator>
    <indicator enable="1" level="3" id="1271" type="01" detail="%s">imphash > md5</indicator>
    <indicator enable="0" level="2" id="1272" type="14" detail="%i">imports > callback</indicator>
    <indicator enable="2" level="2" id="1273" type="14" detail="%s">imports</indicator>
    <indicator enable="1" level="1" id="1274" type="05" detail="%s">dos-stub > suspicious</indicator>
    <indicator enable="1" level="3" id="1288" type="20" detail="%s">.NET > property > missing</indicator>
    <indicator enable="1" level="1" id="1289" type="20" detail="flag: %s">.NET > stream</indicator>
    <indicator enable="1" level="2" id="1290" type="20" detail="stream[%i]">.NET > stream > suspicous</indicator>
    <indicator enable="1" level="1" id="1291" type="20" detail="%s">.NET > stream > duplicate</indicator>
    <indicator enable="1" level="3" id="1292" type="20" detail="%s">.NET > module > name</indicator>
    <indicator enable="1" level="3" id="1293" type="20" detail="%s">.NET > file >strongly-named</indicator>
    <indicator enable="0" level="3" id="1294" type="20" detail="%i">.NET > methods > managed</indicator>
    <indicator enable="1" level="2" id="1295" type="14" detail="%i">imports > p/invoke</indicator>
    <indicator enable="1" level="2" id="1296" type="13" detail="%s">libraries > p/invoke</indicator>
    <indicator enable="1" level="1" id="1297" type="20" detail="%s">.NET > file > obfuscated</indicator>
    <indicator enable="1" level="1" id="1298" type="20" detail="%s">.NET > namespace > flag</indicator>
    <indicator enable="1" level="2" id="1299" type="20" detail="%s, ratio: %s%%">.NET > stream > file-ratio</indicator>
    <indicator enable="1" level="3" id="1300" type="20" detail="%s">.NET > stream</indicator>
    <indicator enable="1" level="1" id="1301" type="11" detail="%s">directory > missing</indicator>
    <indicator enable="0" level="3" id="1302" type="11" detail="%s">directory > invalid</indicator>
    <indicator enable="1" level="3" id="1304" type="20" detail="%s">.NET > assemby > GUID</indicator>
    <indicator enable="1" level="1" id="1306" type="11" detail="count: %i/%i">directories > empty</indicator>
    <indicator enable="1" level="2" id="1320" type="11" detail="%s">directory > stamp</indicator>
    <indicator enable="1" level="3" id="1321" type="09" detail="%s">compiler > stamp</indicator>
    <indicator enable="1" level="1" id="1400" type="25" detail="%s">manifest > privilege</indicator>
    <indicator enable="1" level="2" id="1401" type="25" detail="%s">manifest > privilege</indicator>
    <indicator enable="1" level="1" id="1402" type="25" detail="%s">manifest > UAC</indicator>
    <indicator enable="1" level="3" id="1403" type="25" detail="%s">manifest</indicator>
    <indicator enable="1" level="3" id="1404" type="25" detail="name: %s, description: %s, level: %s">manifest > general</indicator>
    <indicator enable="0" level="3" id="1423" type="09" detail="%s">file > target</indicator>
    <indicator enable="1" level="3" id="1424" type="23" detail="%s">file > internal > name</indicator>
    <indicator enable="0" level="3" id="1427" type="24" detail="%i">strings > unicode > count</indicator>
    <indicator enable="0" level="3" id="1428" type="24" detail="%i">strings > ascii > count</indicator>
    <indicator enable="0" level="3" id="1429" type="24" detail="%i">strings > ignore > count</indicator>
    <indicator enable="1" level="2" id="1430" type="24" detail="count: %i">strings > flag</indicator>
    <indicator enable="0" level="3" id="1431" type="24" detail="%i">strings > count</indicator>
    <indicator enable="1" level="2" id="1434" type="24" detail="%s">string > url-pattern</indicator>
    <indicator enable="1" level="1" id="1485" type="13" detail="%i">libraries > count</indicator>
    <indicator enable="1" level="2" id="1502" type="21" detail="%s">version > language</indicator>
    <indicator enable="1" level="1" id="1503" type="21" detail="%i bytes">version > size</indicator>
    <indicator enable="1" level="3" id="1504" type="21" detail="%s">file-name > version</indicator>
    <indicator enable="1" level="2" id="1590" type="06" detail="%i bytes">dos-header > size</indicator>
    <indicator enable="1" level="2" id="1601" type="05" detail="%i bytes">dos-stub > size</indicator>
    <indicator enable="1" level="3" id="1627" type="00" detail="%s">file > signature | tooling</indicator>
    <indicator enable="1" level="2" id="1630" type="20" detail="%s">resource > signature</indicator>
    <indicator enable="1" level="3" id="1631" type="21" detail="%s">resources</indicator>
    <indicator enable="1" level="2" id="1633" type="24" detail="%s">label > %s</indicator>
    <indicator enable="1" level="2" id="1634" type="02" detail="%s">groups > list</indicator>
    <indicator enable="1" level="1" id="1635" type="24" detail="%i">keyboard > keys</indicator>
    <indicator enable="2" level="1" id="2212" type="12" detail="name: %i">sections > unreadable</indicator>
    <indicator enable="2" level="2" id="2213" type="12" detail="name: %s">sections > shared</indicator>
    <indicator enable="1" level="1" id="2214" type="12" detail="name: %s">sections > self-modifying</indicator>
    <indicator enable="1" level="2" id="2217" type="12" detail="count: %i">sections > nameless</indicator>
    <indicator enable="1" level="1" id="2246" type="12" detail="count: %i">sections > execute</indicator>
  </indicators>
</xml>
