<!--
This file is part of the pestudio solution (www.winitor.com).
Any usage of this file outside of the context of pestudio (e.g. in third-party application, tools chain, etc...) must be explicitely authorized.

This file can be modified when running pestudio.
-->
<xml version="1.0" encoding="utf-8">
  <thresholds>
    <item id="001" enable="1" min="64" max="64"></item>
    <item id="002" enable="1" min="20" max="368"></item>
    <item id="003" enable="1" min="20" max="20"></item>
    <item id="004" enable="1" min="224" max="260"></item>
    <item id="005" enable="1" min="16" max="16"></item>
    <item id="006" enable="1" min="3" max="1024"></item>
    <item id="009" enable="1" min="256" max="-1"></item>
    <item id="010" enable="1" min="80" max="4096"></item>
    <item id="011" enable="1" min="-1" max="1024"></item>
    <item id="012" enable="1" min="0" max="2048"></item>
    <item id="015" enable="1" min="10" max="-1"></item>
    <item id="017" enable="1" min="0" max="16"></item>
    <item id="018" enable="1" min="0" max="2048"></item>
    <item id="020" enable="1" min="1" max="512"></item>
    <item id="021" enable="1" min="0" max="512"></item>
    <item id="022" enable="1" min="8192" max="-1"></item>
    <item id="023" enable="1" min="2024" max="-1"></item>
    <item id="031" enable="1" min="1" max="30"></item>
    <item id="035" enable="1" min="15" max="17"></item>
    <item id="039" enable="1" min="1" max="1"></item>
    <item id="060" enable="1" min="2" max="-1"></item>
    <item id="078" enable="1" min="0" max="2"></item>
    <item id="100" enable="1" min="1" max="100"></item>
    <item id="106" enable="1" min="4" max="-1"></item>
    <item id="130" enable="1" min="0" max="25"></item>
    <item id="131" enable="1" min="0" max="60"></item>
    <item id="132" enable="1" min="0" max="100"></item>
    <item id="133" enable="1" min="0" max="75"></item>
    <item id="140" enable="1" min="0" max="40"></item>
    <item id="141" enable="1" min="0" max="50"></item>
    <item id="142" enable="1" min="0" max="60"></item>
  </thresholds>
</xml>
