<!--
This file is part of the pestudio solution (www.winitor.com).
Any usage of this file outside of the context of pestudio (e.g. in third-party application, tools chain, etc...) must be explicitely authorized.

Please note that this file can be modified when pestudio runs.
-->
<xml version="1.0" encoding="utf-8">
  <misc>
    <item id="0">hex</item>
    <item id="1">relative</item>
    <item id="2">absolute</item>
    <item id="3">shared</item>
    <item id="4">undetected</item>
    <item id="5">self-modifying</item>
    <item id="6">non-executable</item>
    <item id="7">checksum-valid</item>
    <item id="8">checksum-invalid</item>
    <item id="9">Address-Space-Layout Randomization (ASLR)</item>
    <item id="10">Code-Integrity (CI)</item>
    <item id="11">Data Execution Prevention (DEP)</item>
    <item id="12">Image isolation</item>
    <item id="13">Structured-Exception Handling (SEH)</item>
    <item id="14">image-bound</item>
    <item id="15">Windows-Driver Model (WDM)</item>
    <item id="16">Terminal-Server aware (TSA)</item>
    <item id="17">low</item>
    <item id="18">double click > internal</item>
    <item id="19">double click > external</item>
    <item id="20">thread-local-storage</item>
    <item id="21">files</item>
    <item id="22">double-click > save to file</item>
    <item id="23">User Interface Privilege Isolation (UIPI)</item>
    <item id="24">Import Name Table (INT)</item>
    <item id="25">Select file to open</item>
    <item id="26">Exe files (*.exe)|*.exe|Dll files (*.dll)|*.dll|Sys files (*.sys)|*.sys|All Files (*.*)|*.*||</item>
    <item id="27">failure</item>
    <item id="28">Images (%i of %i)</item>
    <item id="29">Image not found</item>
    <item id="30">highest</item>
    <item id="31">administrator</item>
    <item id="32">invoker</item>
    <item id="33">trust-info-missing</item>
    <item id="34">size-PKCS7-null-padding</item>
    <item id="35">internet connection failed</item>
    <item id="36">valid</item>
    <item id="37">wait...</item>
    <item id="38">please enable the virustotal submission</item>
    <item id="39">positives</item>
    <item id="40">bound</item>
    <item id="41">disabled</item>
    <item id="42">scan-id</item>
    <item id="43">resource</item>
    <item id="44">response-code</item>
    <item id="45">scan-date</item>
    <item id="46">permanent-link</item>
    <item id="47">verbose</item>
    <item id="48">engines</item>
    <item id="49">detections</item>
    <item id="50">sha1</item>
    <item id="51">sha256</item>
    <item id="52">md5</item>
    <item id="53">details</item>
    <item id="54">result</item>
    <item id="55">engine</item>
    <item id="56">virustotal</item>
    <item id="57">header</item>
    <item id="58">results</item>
    <item id="59">signature</item>
    <item id="60">exports</item>
    <item id="61">analysis</item>
    <item id="62">ordinal</item>
    <item id="63">available</item>
    <item id="64">gap</item>
    <item id="65">forwarded</item>
    <item id="66">entry-point</item>
    <item id="67">xml-id</item>
    <item id="68">symbol</item>
    <item id="69">gaps</item>
    <item id="70">address</item>
    <item id="71">hint</item>
    <item id="72">offline</item>
    <item id="73">imphash</item>
    <item id="74">more</item>
    <item id="75">online</item>
    <item id="76">bl</item>
    <item id="77">n/a</item>
    <item id="78">callback</item>
    <item id="79">32</item>
    <item id="80">64</item>
    <item id="81">map</item>
    <item id="82">severity</item>
    <item id="83">detection</item>
    <item id="84">date (dd.mm.yyyy)</item>
    <item id="85">age (days)</item>
    <item id="86">not-supported</item>
    <item id="87">-</item>
    <item id="88">x</item>
    <item id="89">directory</item>
    <item id="90">directories</item>
    <item id="91">obfuscated</item>
    <item id="92">level</item>
    <item id="93">raw-address</item>
    <item id="94">size (bytes)</item>
    <item id="95">open Virustotal in a Browser</item>
    <item id="96">invalid</item>
    <item id="97">empty</item>
    <item id="98">missing</item>
    <item id="99">TimeDateStamp</item>
    <item id="100">libraries</item>
    <item id="101">library</item>
    <item id="102">type</item>
    <item id="103">tooling</item>
    <item id="104">image-base</item>
    <item id="105">imports</item>
    <item id="106">CPU mismatch</item>
    <item id="107">type</item>
    <item id="108">cpu</item>
    <item id="109">all</item>
    <item id="110">implicit</item>
    <item id="111">delay-loaded</item>
    <item id="112">application</item>
    <item id="113">flag</item>
    <item id="114">description</item>
    <item id="115">Imported Library</item>
    <item id="116">bound</item>
    <item id="117">types</item>
    <item id="118">created</item>
    <item id="119">undocumented</item>
    <item id="120">16bytes</item>
    <item id="121">symbol</item>
    <item id="122">section:offset</item>
    <item id="123">library</item>
    <item id="124">ignore</item>
    <item id="125">deprecated</item>
    <item id="126">anti-debug</item>
    <item id="127">imports</item>
    <item id="128">registries</item>
    <item id="129">urls</item>
    <item id="130">messages Tables</item>
    <item id="131">Control-Flow Guard (CFG)</item>
    <item id="132">delay-loaded</item>
    <item id="133">strings-tables</item>
    <item id="134">manifest</item>
    <item id="135">certificates</item>
    <item id="136">elevated</item>
    <item id="137">unsafe</item>
    <item id="138">top list</item>
    <item id="139">begin</item>
    <item id="140">end</item>
    <item id="141">function</item>
    <item id="142">score</item>
    <item id="143">address (begin)</item>
    <item id="144">address (end)</item>
    <item id="145">address (unwind)</item>
    <item id="146">expired</item>
    <item id="147">high</item>
    <item id="148">file</item>
    <item id="149">duplicate</item>
    <item id="150">property</item>
    <item id="151">value</item>
    <item id="152">detail</item>
    <item id="153">status</item>
    <item id="154">headers</item>
    <item id="155">image</item>
    <item id="156">error</item>
    <item id="157">overview</item>
    <item id="158">date</item>
    <item id="159">%.2i/%.2i/%.4i</item>
    <item id="160">time-stamp</item>
    <item id="161">%.2i:%.2i:%.2i</item>
    <item id="162">import</item>
    <item id="163">network error</item>
    <item id="164">strings</item>
    <item id="165">string</item>
    <item id="166">footprints</item>
    <item id="167">overlay</item>
    <item id="168">ascii</item>
    <item id="169">unicode</item>
    <item id="170">file-header-offset</item>
    <item id="171">issue</item>
    <item id="172">groups</item>
    <item id="173">not found</item>
    <item id="174">32-bit words support</item>
    <item id="175">relocation-stripped</item>
    <item id="176">large-address-aware</item>
    <item id="177">uniprocessor</item>
    <item id="178">system-image</item>
    <item id="179">dynamic-link-library</item>
    <item id="180">file-can-be-executed</item>
    <item id="181">debug-stripped</item>
    <item id="182">media-run-from-swap</item>
    <item id="183">network-run-from-swap</item>
    <item id="184">properties</item>
    <item id="185">hash</item>
    <item id="186">gp</item>
    <item id="187">group</item>
    <item id="188">location</item>
    <item id="189">exceptions</item>
    <item id="190">start</item>
    <item id="191">special</item>
    <item id="192">data-begin</item>
    <item id="193">data-end</item>
    <item id="194">callback</item>
    <item id="195">standard</item>
    <item id="196">exception</item>
    <item id="197">%s not found</item>
    <item id="198">run-from-swap</item>
    <item id="199">color-text</item>
    <item id="200">anonymous</item>
    <item id="201">certificate</item>
    <item id="202">resources</item>
    <item id="203">type</item>
    <item id="204">instance</item>
    <item id="205">size</item>
    <item id="206">offset</item>
    <item id="207">code-page</item>
    <item id="208">language</item>
    <item id="209">manifest</item>
    <item id="210">assemblies</item>
    <item id="211">assembly</item>
    <item id="212">name</item>
    <item id="213">line-stripped-from-file</item>
    <item id="214">version</item>
    <item id="215">token</item>
    <item id="216">total</item>
    <item id="217">count</item>
    <item id="218">raw_data</item>
    <item id="219">|</item>
    <item id="220">file</item>
    <item id="221">file-subtype</item>
    <item id="222">file-os</item>
    <item id="223">index</item>
    <item id="224">first-bytes-hex</item>
    <item id="225">first-bytes-text</item>
    <item id="226">suspicious</item>
    <item id="227">score-file</item>
    <item id="228">score-file-details</item>
    <item id="229">r</item>
    <item id="230">g</item>
    <item id="231">b</item>
    <item id="232">settings</item>
    <item id="233">save to file...</item>
    <item id="234">md5-without-overlay</item>
    <item id="235">sha1-without-overlay</item>
    <item id="236">sha256-without-overlay</item>
    <item id="237">32-bit</item>
    <item id="238">64-bit</item>
    <item id="239">size-without-overlay</item>
    <item id="240"></item>
    <item id="241">trustInfo</item>
    <item id="242">execution</item>
    <item id="243">file-offset</item>
    <item id="244">file-offset-from</item>
    <item id="245">file-offset-to</item>
    <item id="246">true</item>
    <item id="247">false</item>
    <item id="248">level</item>
    <item id="249">uiAccess</item>
    <item id="250">code-less</item>
    <item id="251">language</item>
    <item id="252">rich-header-checksum</item>
    <item id="253">character-set</item>
    <item id="254">items</item>
    <item id="255">item</item>
    <item id="256">name</item>
    <item id="257">value</item>
    <item id="258">rich-header</item>
    <item id="259">signature-offset</item>
    <item id="260">dos-stub</item>
    <item id="261">PE00</item>
    <item id="262">autoElevate</item>
    <item id="263">virtual</item>
    <item id="264"></item>
    <item id="265">unreachable</item>
    <item id="266">tactic</item>
    <item id="267">technique</item>
    <item id="268">please wait while analyzing the file...</item>
    <item id="269">INT</item>
    <item id="270">dos-header</item>
    <item id="271">mitre</item>
    <item id="272">file-signature</item>
    <item id="273">pe-offset</item>
    <item id="274">build-id</item>
    <item id="275">product-id</item>
    <item id="276">IDE</item>
    <item id="277"></item>
    <item id="278"></item>
    <item id="279">checksum</item>
    <item id="280">checksum-computed</item>
    <item id="281">certificate-stamp</item>
    <item id="282">version-stamp</item>
    <item id="283">export-stamp</item>
    <item id="284">resource-stamp</item>
    <item id="285">stamp</item>
    <item id="286">debug-stamp</item>
    <item id="287">e_lfanew</item>
    <item id="288">checksum-builtin</item>
    <item id="289">relocations</item>
    <item id="290">file-header</item>
    <item id="291">machine</item>
    <item id="292">sections-count</item>
    <item id="293">compiler-stamp</item>
    <item id="294">pointer-symbol-table</item>
    <item id="295">number-of-symbols</item>
    <item id="296">size-of-optional-header</item>
    <item id="297">characteristics</item>
    <item id="298">e_magic</item>
    <item id="299"></item>
    <item id="300">files</item>
    <item id="301">rich-hash-md5</item>
    <item id="302">rich-hash-sha256</item>
    <item id="303">first-thunk (IAT)</item>
    <item id="304">first-thunk-original (INT)</item>
    <item id="305">label</item>
    <item id="306">decorated</item>
    <item id="307">import</item>
    <item id="308">debug</item>
    <item id="309">relocations</item>
    <item id="310">optional-header</item>
    <item id="311">magic</item>
    <item id="312">linker-version</item>
    <item id="313">control-flow-guard</item>
    <item id="314">size-of-code</item>
    <item id="315">size-of-initialized-data</item>
    <item id="316">size-of-uninitialized-data</item>
    <item id="317">local-symbols-stripped-from-file</item>
    <item id="318">base-of-code</item>
    <item id="319">base-of-data</item>
    <item id="320">image-base</item>
    <item id="321">section-alignment</item>
    <item id="322">file-alignment</item>
    <item id="323">os-version</item>
    <item id="324">enable</item>
    <item id="325">image-version</item>
    <item id="326">revision</item>
    <item id="327">subsystem-version</item>
    <item id="328">windows-driver-model</item>
    <item id="329">Win32VersionValue</item>
    <item id="330">size-of-image</item>
    <item id="331">size-of-headers</item>
    <item id="332">file-checksum</item>
    <item id="333">subsystem</item>
    <item id="334">DllCharacteristics</item>
    <item id="335">address-space-layout-randomization</item>
    <item id="336">data-execution-prevention</item>
    <item id="337">structured-exception-handling</item>
    <item id="338">real-checksum</item>
    <item id="339">threshold</item>
    <item id="340">import-stamp</item>
    <item id="341">executable</item>
    <item id="342">dll</item>
    <item id="343">size-of-stack-reserve</item>
    <item id="344">size-of-stack-commit</item>
    <item id="345">size-of-heap-reserve</item>
    <item id="346">size-of-heap-commit</item>
    <item id="347">LoaderFlags</item>
    <item id="348">directories-count</item>
    <item id="349">pdb</item>
    <item id="350">message</item>
    <item id="351">issued-by</item>
    <item id="352">signer</item>
    <item id="353">counter-signer</item>
    <item id="354">email</item>
    <item id="355">street</item>
    <item id="356">postal-code</item>
    <item id="357">certificate-valid-from</item>
    <item id="358">certificate-valid-to</item>
    <item id="359">organization</item>
    <item id="360">serial-number</item>
    <item id="361">CRL-Distribution-Point</item>
    <item id="362">certificate-signing-stamp</item>
    <item id="363">Dump PKCS7</item>
    <item id="364">encoding</item>
    <item id="365">bytes-of-machine-words-reversed-Hi</item>
    <item id="366">bytes-of-machine-words-reversed-Low</item>
    <item id="367">unexpected</item>
    <item id="368">expected</item>
    <item id="369">.NET</item>
    <item id="370">FileMajorVersion</item>
    <item id="371">FileMinorVersion</item>
    <item id="372">FileVersionBuildNumber</item>
    <item id="373">FileVersionRevisionNumber</item>
    <item id="374">runtime-version</item>
    <item id="375">...</item>
    <item id="376">entry-point (token|address)</item>
    <item id="377">flags</item>
    <item id="378">execute</item>
    <item id="379">streams</item>
    <item id="380"></item>
    <item id="381">LanguageId</item>
    <item id="382">CodePage</item>
    <item id="383">IL-Only</item>
    <item id="384">32-bit-required</item>
    <item id="385">IL-Library</item>
    <item id="386">strong-name-signed</item>
    <item id="387">track-debug-data</item>
    <item id="388">BSJB</item>
    <item id="389">strings</item>
    <item id="390">export</item>
    <item id="391">file-ratio</item>
    <item id="392">file-name</item>
    <item id="393">executables</item>
    <item id="394">32-bit-preferred</item>
    <item id="395">native-entry-point</item>
    <item id="396">typelibId</item>
    <item id="397">stream</item>
    <item id="398">tables</item>
    <item id="399">table</item>
    <item id="400">debugs</item>
    <item id="401">debug</item>
    <item id="402">GUID</item>
    <item id="403">%.4X-%2.X-%2.X-%1X%1X-%1X%1X%1X%1X%1X%1X</item>
    <item id="404">age</item>
    <item id="405">RSDS</item>
    <item id="406">Nb09</item>
    <item id="407">Nb10</item>
    <item id="408">Nb11</item>
    <item id="409">format</item>
    <item id="410"></item>
    <item id="411">managed</item>
    <item id="412">resources (size)</item>
    <item id="413">strong-name-signature (size)</item>
    <item id="414">rows</item>
    <item id="415">export-address-table-jump (size)</item>
    <item id="416">vtable-fixup-size</item>
    <item id="417">drag-and-drop a file to analyse...</item>
    <item id="418">original</item>
    <item id="419">jump</item>
    <item id="420">heap-sizes</item>
    <item id="421">extra-data</item>
    <item id="422">.NET items not yet supported</item>
    <item id="423">module</item>
    <item id="424">namespace</item>
    <item id="425">header</item>
    <item id="426">tooling</item>
    <item id="427">namespace (system)</item>
    <item id="428">namespace (custom)</item>
    <item id="429">null</item>
    <item id="430">class</item>
    <item id="431">save changes ?</item>
    <item id="432">#Strings</item>
    <item id="433">#US</item>
    <item id="434"></item>
    <item id="435">overwrite the file?</item>
    <item id="436">anomaly</item>
    <item id="437"></item>
    <item id="438"></item>
    <item id="439">pestudio</item>
    <item id="440">read-only</item>
    <item id="441">resources (RVA)</item>
    <item id="442">BoundImports</item>
    <item id="443">BoundImport</item>
    <item id="444">BoundImportDate</item>
    <item id="445">High-Entropy</item>
    <item id="446">AppContainer</item>
    <item id="447">linker</item>
    <item id="448"></item>
    <item id="449">none</item>
    <item id="450">ON</item>
    <item id="451">OFF</item>
    <item id="452">stack-buffer-overrun-detection (GS)</item>
    <item id="453">Control-flow Enforcement Technology (/CETCOMPACT)</item>
    <item id="454">hooking</item>
    <item id="455">instance</item>
    <item id="456">spoofing</item>
    <item id="457"></item>
    <item id="458">save to file</item>
    <item id="459">Dump files (*.dump)|*.dump|All Files (*.*)|*.*||</item>
    <item id="460">save to file</item>
    <item id="461">*</item>
    <item id="462">xml files (*.xml)|*.xml|All Files (*.*)|*.*||</item>
    <item id="463">xml</item>
    <item id="464">Cannot create Report file!</item>
    <item id="465">p/invoke</item>
    <item id="466">API</item>
    <item id="467">function (RVA)</item>
    <item id="468">function-name (RVA)</item>
    <item id="469">zero</item>
    <item id="470">callback</item>
    <item id="471">name (RVA)</item>
    <item id="472">function-index</item>
    <item id="473">tail</item>
    <item id="474">WIN_CERTIFICATE</item>
    <item id="475">issued-to</item>
    <item id="476">more-info-url</item>
    <item id="477">hash-algorithm</item>
    <item id="478">program-name</item>
    <item id="479">entropy</item>
    <item id="480">sections</item>
    <item id="481">name</item>
    <item id="482">virtual-size</item>
    <item id="483">virtual-address</item>
    <item id="484">raw-size</item>
    <item id="485">streams</item>
    <item id="486">file-cave</item>
    <item id="487">contains</item>
    <item id="488">characteristics</item>
    <item id="489">blacklisted</item>
    <item id="490">obfuscated</item>
    <item id="491">read</item>
    <item id="492">write</item>
    <item id="493">execute</item>
    <item id="494">share</item>
    <item id="495">unreadable</item>
    <item id="496"></item>
    <item id="497">section</item>
    <item id="498">LordPE</item>
    <item id="499">general</item>
    <item id="500">load-config</item>
    <item id="501">security</item>
    <item id="502">PointerToRelocations</item>
    <item id="503">PointerToLinenumbers</item>
    <item id="504">NumberOfRelocations</item>
    <item id="505">NumberOfLinenumbers</item>
    <item id="506">characteristics</item>
    <item id="507">sections</item>
    <item id="508">ExecutableCode</item>
    <item id="509">initialized-data</item>
    <item id="510">uninitialized-data</item>
    <item id="511">discardable</item>
    <item id="512">cachable</item>
    <item id="513">pageable</item>
    <item id="514">valid-from</item>
    <item id="515">valid-to</item>
    <item id="516">purpose(s)</item>
    <item id="517">Ensures software came from software publisher</item>
    <item id="518">Protects software from alteration after publication</item>
    <item id="519">signing-stamp</item>
    <item id="520">indicators</item>
    <item id="521">indicator</item>
    <item id="522">The quota has been reached.</item>
    <item id="523">stamps</item>
    <item id="524">thumbprint</item>
    <item id="525">hash-encryption-algorithm</item>
    <item id="526">signature-algorithm</item>
    <item id="527">revocation-status</item>
    <item id="528">size-PKCS7</item>
    <item id="529">size-certificate</item>
    <item id="530">file-names</item>
    <item id="531">signature-info</item>
    <item id="532">This digital signature is OK.</item>
    <item id="533">run from system swap</item>
    <item id="534">hashes</item>
    <item id="535">names</item>
    <item id="536">Item not found at Virustotal</item>
    <item id="537">sample</item>
    <item id="538">imphash > md5</item>
    <item id="539">overlay > sha256</item>
    <item id="540">rich-header > md5</item>
    <item id="541">original-file-name</item>
    <item id="542">footprint</item>
    <item id="543">cannot be executed</item>
    <item id="544">License not found</item>
    <item id="545">License not valid</item>
    <item id="546">The server understands the request but refuses to authorize it</item>
    <item id="547">+++++</item>
    <item id="548">++</item>
    <item id="549">+</item>
    <item id="550">></item>
    <item id="551"></item>
    <item id="552"></item>
    <item id="553"></item>
    <item id="554"></item>
    <item id="555"></item>
    <item id="556"></item>
    <item id="557"></item>
    <item id="558"></item>
    <item id="559"></item>
    <item id="560">unknown</item>
  </misc>

  <version>
    <os>
      <item name="VOS_DOS">MS-DOS</item>
      <item name="VOS_NT">Windows NT</item>
      <item name="VOS_WINDOWS16">Windows 16-bit</item>
      <item name="VOS_WINDOWS32">Windows 32-bit</item>
      <item name="VOS_OS216">OS/2 16-bit</item>
      <item name="VOS_OS232">OS/2 32-bit</item>
      <item name="VOS_PM16">PM-16-bit</item>
      <item name="VOS_PM32">PM-32-bit</item>
      <item name="VOS_UNKNOWN">Unknown</item>
    </os>

    <file>
      <item name="VFT_APP">executable</item>
      <item name="VFT_DLL">dynamic-link library</item>
      <item name="VFT_DRV">device-driver</item>
      <item name="VFT_FONT">font</item>
      <item name="VFT_STATIC_LIB">static-link library</item>
      <item name="VFT_VXD">virtual-device</item>
      <item name="VFT_UNKNOWN">unknown</item>
    </file>

    <driver>
      <item name="VFT2_DRV_COMM">Communication-driver</item>
      <item name="VFT2_DRV_DISPLAY">Display-driver</item>
      <item name="VFT2_DRV_INSTALLABLE">Installable-driver</item>
      <item name="VFT2_DRV_KEYBOARD">Keyboard-driver</item>
      <item name="VFT2_DRV_LANGUAGE">Language-driver</item>
      <item name="VFT2_DRV_MOUSE">Mouse driver</item>
      <item name="VFT2_DRV_NETWORK">Network-driver</item>
      <item name="VFT2_DRV_PRINTER">Printer-driver</item>
      <item name="VFT2_DRV_SOUND">Sound-driver</item>
      <item name="VFT2_DRV_SYSTEM">System-driver</item>
      <item name="VFT2_DRV_VERSIONED_PRINTER">Printer-driver</item>
      <item name="VFT2_UNKNOWN">Unknown-Driver</item>
    </driver>
  </version>

  <!-- locations of items found in the executable -->
  <locations>
    <location r="220" g="220" b="220">image</location>
    <location r="220" g="220" b="220">dos-header</location>
    <location r="220" g="220" b="220">dos-stub</location>
    <location r="220" g="220" b="220">file-header</location>
    <location r="000" g="000" b="000">rich-header</location>
    <location r="030" g="144" b="225">library</location>
    <location r="176" g="196" b="222">import</location>
    <location r="218" g="112" b="214">export</location>
    <location r="218" g="112" b="214">resource</location>
    <location r="244" g="164" b="096">manifest</location>
    <location r="240" g="230" b="140">debug</location>
    <location r="255" g="228" b="196">version</location>
    <location r="255" g="228" b="196">section</location>
    <location r="144" g="238" b="144">certificate</location>
    <location r="046" g="139" b="087">overlay</location>
    <location r="000" g="000" b="000">dot-net</location>
    <location r="000" g="000" b="000">any</location>
    <location r="000" g="000" b="000">unknown</location>
  </locations>

  <!-- relocations type friendly names -->
  <relocations>
    <item>absolute</item>
    <item>high</item>
    <item>low</item>
    <item>high-low</item>
    <item>high-adjust</item>
    <item>mips-jump-addr</item>
    <item>ia64</item>
    <item>dir64</item>
    <item>unknown</item>
  </relocations>

  <jmps>
    <jmp>double-click > jump</jmp>
    <jmp>double-click > url</jmp>
    <jmp>double-click > save > file</jmp>
    <jmp>unknown</jmp>
  </jmps>

  <!-- Certificate revision friendly names -->
  <cert_revisions>
    <item>WIN_CERT_REVISION_1_0</item>
    <item>WIN_CERT_REVISION_2_0</item>
    <item>unknown</item>
  </cert_revisions>

  <!-- Crypto Hash type friendly names -->
  <crypto_hash_types>
    <item>md5</item>
    <item>md5RSA</item>
    <item>sha1</item>
    <item>sha1RSA</item>
    <item>sha256</item>
    <item>sha384</item>
    <item>sha512</item>
    <item>rsa</item>
    <item>sha256RSA</item>
    <item>sha384RSA</item>
    <item>sha512RSA</item>
    <item>unknown</item>
  </crypto_hash_types>

  <!-- ItemTypes friendly names -->
  <types>
    <item>function</item>
    <item>string</item>
    <item>namespace</item>
  </types>

  <!-- Certificate Items friendly names -->
  <cert_items>
    <item>trust-information</item>
    <item>hash-algorithm</item>
    <item>hash-encryption-algorithm</item>
    <item>signature-algorithm</item>
    <item>thumbprint</item>
    <item>program-name</item>
    <item>serial-number</item>
    <item>display</item>
    <item>email</item>
    <item>dns</item>
    <item>issued-to</item>
    <item>issued-by</item>
    <item>signing-time</item>
    <item>valid-from</item>
    <item>valid-to</item>
    <item>info-url</item>
    <item>info-file</item>
    <item>more-info-url</item>
    <item>more-info-file</item>
    <item>unknown</item>
  </cert_items>
  
  <cert_types>
    <item>WIN_CERT_TYPE_X509</item>
    <item>WIN_CERT_TYPE_PKCS_SIGNED_DATA</item>
    <item>WIN_CERT_TYPE_RESERVED_1</item>
    <item>WIN_CERT_TYPE_TS_STACK_SIGNED</item>
    <item>unknown</item>
  </cert_types>

  <groups enable="1">
    <!-- group of level="3" are NOT show in color! -->
    <gp id="01" r="255" g="128" b="000" level="1" enable="1">registry</gp>
    <gp id="02" r="247" g="071" b="071" level="1" enable="1">execution</gp>
    <gp id="03" r="255" g="100" b="177" level="1" enable="1">network</gp>
    <gp id="04" r="132" g="189" b="137" level="1" enable="1">crypto</gp>
    <gp id="05" r="045" g="155" b="255" level="1" enable="1">memory</gp>
    <gp id="06" r="179" g="223" b="255" level="1" enable="1">file</gp>
    <gp id="07" r="127" g="255" b="000" level="3" enable="1">synchro</gp>
    <gp id="08" r="215" g="155" b="125" level="1" enable="1">desktop</gp>
    <gp id="09" r="111" g="200" b="006" level="1" enable="1">services</gp>
    <gp id="10" r="175" g="122" b="197" level="1" enable="1">obfuscation</gp>
    <gp id="11" r="185" g="130" b="100" level="1" enable="1">resource</gp>
    <gp id="12" r="176" g="255" b="255" level="3" enable="1">windowing</gp>
    <gp id="13" r="250" g="215" b="160" level="1" enable="1">compression</gp>
    <gp id="14" r="085" g="110" b="200" level="1" enable="1">hooking</gp>
    <gp id="15" r="128" g="255" b="128" level="1" enable="1">sharing</gp>
    <gp id="16" r="170" g="170" b="170" level="2" enable="1">diagnostic</gp>
    <gp id="17" r="085" g="160" b="010" level="1" enable="1">administration</gp>
    <gp id="18" r="185" g="010" b="210" level="3" enable="1">exception</gp>
    <gp id="19" r="239" g="228" b="176" level="1" enable="1">reconnaissance</gp>
    <gp id="20" r="036" g="215" b="130" level="3" enable="1">console</gp>
    <gp id="21" r="255" g="198" b="255" level="1" enable="1">dynamic-library</gp>
    <gp id="22" r="155" g="198" b="255" level="2" enable="1">input-output</gp>
    <gp id="23" r="132" g="114" b="114" level="2" enable="1">storage</gp>
    <gp id="24" r="162" g="162" b="162" level="1" enable="1">desktop</gp>
    <gp id="25" r="255" g="162" b="162" level="1" enable="1">shell</gp>
    <gp id="26" r="183" g="232" b="190" level="1" enable="1">setup</gp>
    <gp id="27" r="055" g="159" b="074" level="1" enable="1">power</gp>
    <gp id="28" r="125" g="159" b="174" level="3" enable="1"></gp>
    <gp id="29" r="064" g="187" b="208" level="1" enable="1">directory</gp>
    <gp id="30" r="255" g="239" b="043" level="1" enable="1">security</gp>
    <gp id="31" r="204" g="238" b="255" level="3" enable="1"></gp>
    <gp id="32" r="232" g="255" b="206" level="2" enable="1">device</gp>
  </groups>

  <!-- Directories friendly names -->
  <dirs>
    <dir>export</dir>
    <dir>import</dir>
    <dir>resource</dir>
    <dir>exception</dir>
    <dir>security</dir>
    <dir>relocation</dir>
    <dir>debug</dir>
    <dir>architecture</dir>
    <dir>global-pointer</dir>
    <dir>thread-local-storage</dir>
    <dir>load-configuration</dir>
    <dir>bound-import</dir>
    <dir>import-address</dir>
    <dir>delay-loaded</dir>
    <dir>.NET</dir>
    <dir>reserved</dir>
  </dirs>

  <!--
      attributes:
      id=""       is the identificator of the resource type (do not modify this value)
      severity="" is the severity level see <severity> below
	    Severity_High			    = 1,
	    Severity_Medium			  = 2,
	    Severity_Low			    = 3,
	    Severity_Information  = 4,
    !-->
  <resources>
    <resource id="00" severity="4" builtin="1" file="0" indicator="0">manifest</resource>
    <resource id="01" severity="4" builtin="1" file="0" indicator="0">cursor</resource>
    <resource id="02" severity="4" builtin="1" file="0" indicator="0">bitmap</resource>
    <resource id="03" severity="4" builtin="1" file="0" indicator="0">icon</resource>
    <resource id="04" severity="4" builtin="1" file="0" indicator="0">menu</resource>
    <resource id="05" severity="4" builtin="1" file="0" indicator="0">dialog</resource>
    <resource id="06" severity="4" builtin="1" file="0" indicator="0">dialog-data</resource>
    <resource id="07" severity="4" builtin="1" file="0" indicator="0">string-table</resource>
    <resource id="08" severity="4" builtin="1" file="0" indicator="0">message-table</resource>
    <resource id="09" severity="4" builtin="1" file="0" indicator="0">font-directory</resource>
    <resource id="10" severity="4" builtin="1" file="0" indicator="0">font</resource>
    <resource id="11" severity="4" builtin="1" file="0" indicator="0">accelerator</resource>
    <resource id="12" severity="4" builtin="1" file="0" indicator="1">rcdata</resource>
    <resource id="13" severity="4" builtin="1" file="0" indicator="0">cursor-group</resource>
    <resource id="14" severity="4" builtin="1" file="0" indicator="0">icon-group</resource>
    <resource id="15" severity="4" builtin="1" file="0" indicator="0">version</resource>
    <resource id="16" severity="4" builtin="1" file="0" indicator="0">dlgInclude</resource>
    <resource id="17" severity="4" builtin="1" file="0" indicator="0">Plug-and-play</resource>
    <resource id="18" severity="4" builtin="1" file="0" indicator="0">Vxd</resource>
    <resource id="19" severity="4" builtin="1" file="0" indicator="0">Animated-cursor</resource>
    <resource id="20" severity="4" builtin="1" file="0" indicator="0">Animated-icon</resource>
    <resource id="21" severity="4" builtin="1" file="0" indicator="1">HTML</resource>
    <resource id="22" severity="4" builtin="1" file="0" indicator="0">MUI</resource>
    <resource id="23" severity="4" builtin="1" file="0" indicator="0">icons</resource>
    <resource id="24" severity="4" builtin="0" file="0" indicator="0">custom</resource>
    <resource id="25" severity="1" builtin="0" file="1" indicator="1">executable</resource>
    <resource id="27" severity="4" builtin="0" file="0" indicator="0">Riff</resource>
    <resource id="28" severity="4" builtin="0" file="0" indicator="0">GIF</resource>
    <resource id="29" severity="4" builtin="0" file="0" indicator="0">PNG</resource>
    <resource id="30" severity="4" builtin="0" file="0" indicator="0">BMP</resource>
    <resource id="42" severity="2" builtin="0" file="1" indicator="0">Stylesheet-XML</resource>
    <resource id="44" severity="3" builtin="0" file="1" indicator="1">XML-Event-Log</resource>
    <resource id="48" severity="4" builtin="0" file="0" indicator="0">Nb10</resource>
    <resource id="55" severity="4" builtin="0" file="0" indicator="0">Debugger</resource>
    <resource id="56" severity="4" builtin="0" file="0" indicator="0">FPO-debug</resource>
    <resource id="57" severity="4" builtin="0" file="0" indicator="0">Text</resource>
    <resource id="58" severity="4" builtin="0" file="0" indicator="0">JPEG</resource>
    <resource id="61" severity="2" builtin="0" file="1" indicator="1">Python</resource>
    <resource id="62" severity="2" builtin="0" file="1" indicator="1">Python-script</resource>
    <resource id="64" severity="4" builtin="0" file="0" indicator="1">XML</resource>
    <resource id="68" severity="2" builtin="0" file="0" indicator="1">unknown</resource>
    <resource id="70" severity="4" builtin="0" file="0" indicator="0">empty</resource>
    <resource id="71" severity="4" builtin="0" file="0" indicator="0">any</resource>
  </resources>

  <!-- Subsystems Friendly Names -->
  <subsystem>
    <item>Native</item>
    <item>GUI</item>
    <item>console</item>
    <item>Windows-boot-application</item>
    <item>Windows-CE</item>
    <item>os2</item>
    <item>posix</item>
    <item>win9x-driver</item>
    <item>EFI-application</item>
    <item>EFI-driver-boot-service</item>
    <item>EFI-driver-run-time-service</item>
    <item>EFI-ROM</item>
    <item>Xbox</item>
  </subsystem>

  <!-- Target Machines Friendly Names -->
  <machines>
    <item id="00">Intel-386</item>
    <item id="01">MipsR3000</item>
    <item id="02">MipsR6000</item>
    <item id="03">MipsR10000</item>
    <item id="04">Mipsv2</item>
    <item id="05">Alpha</item>
    <item id="06">SH3</item>
    <item id="07">SH3DSP</item>
    <item id="08">SH3E</item>
    <item id="09">SH4</item>
    <item id="10">SH5</item>
    <item id="11">ARM</item>
    <item id="12">ARMv7</item>
    <item id="13">ARM-Thumb</item>
    <item id="14">ARM-Thumb-2-little-Indian</item>
    <item id="15">AM33</item>
    <item id="16">PowerPc</item>
    <item id="17">PowerPcfp</item>
    <item id="18">IA64</item>
    <item id="19">Mips16</item>
    <item id="20">Alpha64</item>
    <item id="21">MipsFpu</item>
    <item id="22">MipsFpu16</item>
    <item id="23">Axp64</item>
    <item id="24">TriCore</item>
    <item id="25">CEF</item>
    <item id="26">EBC</item>
    <item id="27">Amd64</item>
    <item id="28">M32R</item>
    <item id="29">CEE</item>
    <item id="30">unknown</item>
  </machines>

  <!-- Manifest execution levels -->
  <executionlevels>
    <level>asInvoker</level>
    <level>highest</level>
    <level>administrator</level>
    <level>unknown</level>
  </executionlevels>

  <ops>
    <os id="0">Windows 11</os>
    <os id="1">Windows 10</os>
    <os id="2">Windows Server 2022</os>
    <os id="3">Windows Server 2019</os>
    <os id="4">Windows Server 2016</os>
    <os id="5">Windows 8.1</os>
    <os id="6">Windows Server 2012 R2</os>
    <os id="7">Windows 8</os>
    <os id="8">Windows Server 2012</os>
    <os id="9">Windows 7</os>
    <os id="10">Windows Server 2008 R2</os>
    <os id="11">Windows Server 2008</os>
    <os id="12">Windows Vista</os>
    <os id="13">Windows Server 2003 R2</os>
    <os id="14">Windows Server 2003</os>
    <os id="15">Windows XP 64-bit</os>
    <os id="16">Windows XP</os>
    <os id="17">Windows 2000</os>
    <os id="18">Windows NT 4.0</os>
  </ops>

  <!-- debugger Types Friendly Names -->
  <debuggers>
    <item id="00">COFF</item>
    <item id="01">Nb09</item>
    <item id="02">Nb10</item>
    <item id="03">Nb11</item>
    <item id="04">RSDS</item>
    <item id="05">FPO</item>
    <item id="06">MISC</item>
    <item id="07">exception</item>
    <item id="08">fixu</item>
    <item id="09">omapToSrc</item>
    <item id="10">omapFromSrc</item>
    <item id="11">Borland</item>
    <item id="12">reserved10</item>
    <item id="13">clsid</item>
    <item id="14">PGO</item>
    <item id="15">vcFeature</item>
    <item id="16">iltcg</item>
    <item id="17">mpx</item>
    <item id="18">REPRO</item>
    <item id="19">Extended Dll Characteritics</item>
    <item id="20">embedded portable PDB</item>
    <item id="--">unknown</item>
  </debuggers>

  <!-- Character Sets Friendly Names -->
  <characters>
    <item>7-bit ASCII</item>
    <item>Japan (Shift – JIS X-0208)</item>
    <item>Korea (Shift – KSC 5601)</item>
    <item>Taiwan (Big5)</item>
    <item>Unicode</item>
    <item>Latin-2 (Eastern European)</item>
    <item>Cyrillic</item>
    <item>Multilingual</item>
    <item>Greek</item>
    <item>Turkish</item>
    <item>Hebrew</item>
    <item>Arabic</item>
  </characters>

  <severities>
    <severity id="1">high</severity>
    <severity id="2">medium</severity>
    <severity id="3">low</severity>
    <severity id="4">info</severity>
    <severity id="5">unknown</severity>
    <severity id="6">none</severity>
  </severities>

  <dependencies>
    <item>implicit</item>
    <item>delay-load</item>
    <item>forward</item>
    <item>p/invoke</item>
    <item>unknown</item>
  </dependencies>

  <manifest>
    <level>Administrator</level>
    <level>Highest</level>
    <level>Invoker</level>
  </manifest>

  <magic_numbers>
    <item>PE</item>
    <item>PE+</item>
  </magic_numbers>

  <hints color="1">
    <hint id="01" indicate="1">guid</hint>
    <hint id="02" indicate="1">privilege</hint>
    <hint id="03" indicate="1">registry</hint>
    <hint id="04" indicate="1">OID</hint>
    <hint id="05" indicate="1">ssdl</hint>
    <hint id="06" indicate="1">user-agent</hint>
    <hint id="07" indicate="1">rtti</hint>
    <hint id="08" indicate="1">pipe</hint>
    <hint id="09" indicate="0">pdb</hint>
    <hint id="10" indicate="1">dos-message</hint>
    <hint id="11" indicate="1">wmi</hint>
    <hint id="12" indicate="0">tbd</hint>
    <hint id="13" indicate="1">utility</hint>
    <hint id="14" indicate="1">mutex</hint>
    <hint id="15" indicate="1">query</hint>
    <hint id="16" indicate="1">sid</hint>
    <hint id="17" indicate="1">file</hint>
    <hint id="18" indicate="1">regex</hint>
    <hint id="19" indicate="1">url-pattern</hint>
    <hint id="20" indicate="1">keyboard</hint>
    <hint id="21" indicate="1">security</hint>
    <hint id="22" indicate="1">size</hint>
    <hint id="23" indicate="1">office</hint>
    <hint id="24" indicate="1">base64</hint>
    <hint id="25" indicate="1">password</hint>
    <hint id="26" indicate="0">import</hint>
    <hint id="27" indicate="0">export</hint>
    <hint id="28" indicate="0">format-string</hint>
    <hint id="29" indicate="0">dotnet-namespace</hint>
    <hint id="30" indicate="1">library</hint>
    <hint id="-1">unknown</hint>
  </hints>

  <avs>
    <av fn="AegisLab">AegisLab</av>
    <av fn="Agnitum">Agnitum</av>
    <av fn="AhnLab">V3</av>
    <av fn="Antiy Labs">Antiy-AVL</av>
    <av fn="ALWIL">Avast! Antivirus</av>
    <av fn="AVG Technologies">AVG</av>
    <av fn="Avira">AntiVir</av>
    <av fn="BluePex">AVware</av>
    <av fn="Baidu">Baidu-International</av>
    <av fn="BitDefender GmbH">BitDefender</av>
    <av fn="Bkav Corporation">Bkav</av>
    <av fn="ByteHero Information Security Technology Team">ByteHero</av>
    <av fn="Cat Computer Services">Quick Heal</av>
    <av fn="CMC InfoSec">CMC Antivirus</av>
    <av fn="Commtouch">Command Antivirus</av>
    <av fn="ClamAV">ClamAV</av>
    <av fn="Comodo">Comodo</av>
    <av fn="Doctor Web, Ltd.">DrWeb</av>
    <av fn="ESTsoft">ALYac</av>
    <av fn="Emsi Software GmbH">Emsisoft</av>
    <av fn="Eset Software">ESET NOD32</av>
    <av fn="Fortinet">Fortinet</av>
    <av fn="FRISK Software">F-Prot</av>
    <av fn="F-Secure">F-Secure</av>
    <av fn="G DATA Software">GData</av>
    <av fn="Hacksoft">The Hacker</av>
    <av fn="Hauri">ViRobot</av>
    <av fn="Ikarus Software">Ikarus</av>
    <av fn="INCA Internet">nProtect</av>
    <av fn="Jiangmin">Jiangmin</av>
    <av fn="K7 Computing">K7AntiVirus - K7GW</av>
    <av fn="Kaspersky Lab">Kaspersky</av>
    <av fn="Kingsoft">Kingsoft</av>
    <av fn="Malwarebytes Corporation">Malwarebytes Anti-malware</av>
    <av fn="McAfee">VirusScan</av>
    <av fn="Microsoft">Malware Protection</av>
    <av fn="Microworld">eScan</av>
    <av fn="Nano Security">Nano Antivirus</av>
    <av fn="Norman">Norman Antivirus</av>
    <av fn="Panda Security">Panda Platinum</av>
    <av fn="PC Tools">PCTools</av>
    <av fn="Qihoo 360">Qihoo 360</av>
    <av fn="Rising Antivirus">Rising</av>
    <av fn="Sophos">SAV</av>
    <av fn="SUPERAntiSpyware">SUPERAntiSpyware</av>
    <av fn="Symantec AntiVirus"></av>
    <av fn="ThreatTrack Security">VIPRE Antivirus</av>
    <av fn="TotalDefense">TotalDefense</av>
    <av fn="Trend Micro">TrendMicro, TrendMicro-HouseCall</av>
    <av fn="VirusBlokAda">VBA32</av>
    <av fn="Zillya!">Zillya</av>
  </avs>

</xml>